file_path,source_file,source_hash
simulation/rr/rr_af_prvl~constipation_l.fst,inputs/RR/af~constipation.csvy,4f89bc26efb6a82da644dfa91698d48b
simulation/rr/rr_af_prvl~constipation_indx.fst,inputs/RR/af~constipation.csvy,4f89bc26efb6a82da644dfa91698d48b
simulation/rr/rr_af_prvl~nonmodelled_l.fst,inputs/RR/af~nonmodelled.csvy,f11246d0317b205061b424964d508eca
simulation/rr/rr_af_prvl~nonmodelled_indx.fst,inputs/RR/af~nonmodelled.csvy,f11246d0317b205061b424964d508eca
simulation/rr/rr_af_prvl~stroke_l.fst,inputs/RR/af~stroke.csvy,987d1e3983a692a668b86b56de352482
simulation/rr/rr_af_prvl~stroke_indx.fst,inputs/RR/af~stroke.csvy,987d1e3983a692a668b86b56de352482
simulation/rr/rr_alcpr_prvl~alcpr_l.fst,inputs/RR/alcpr~alcpr.csvy,a14958700f10d1996b06a391f7d8e0c7
simulation/rr/rr_alcpr_prvl~alcpr_indx.fst,inputs/RR/alcpr~alcpr.csvy,a14958700f10d1996b06a391f7d8e0c7
simulation/rr/rr_alcpr_prvl~constipation_l.fst,inputs/RR/alcpr~constipation.csvy,ab8123771070cbf6a118d105662bf7d9
simulation/rr/rr_alcpr_prvl~constipation_indx.fst,inputs/RR/alcpr~constipation.csvy,ab8123771070cbf6a118d105662bf7d9
simulation/rr/rr_alcpr_prvl~psychosis_l.fst,inputs/RR/alcpr~psychosis.csvy,19df82b147905a08faf746be533c1ae5
simulation/rr/rr_alcpr_prvl~psychosis_indx.fst,inputs/RR/alcpr~psychosis.csvy,19df82b147905a08faf746be533c1ae5
simulation/rr/rr_andep_prvl~andep_l.fst,inputs/RR/andep~andep.csvy,e74a410b93b88957470eb3f45aa4c798
simulation/rr/rr_andep_prvl~andep_indx.fst,inputs/RR/andep~andep.csvy,e74a410b93b88957470eb3f45aa4c798
simulation/rr/rr_andep_prvl~constipation_l.fst,inputs/RR/andep~constipation.csvy,5c8f38b6708939a8fd59befd70740b91
simulation/rr/rr_andep_prvl~constipation_indx.fst,inputs/RR/andep~constipation.csvy,5c8f38b6708939a8fd59befd70740b91
simulation/rr/rr_andep_prvl~nonmodelled_l.fst,inputs/RR/andep~nonmodelled.csvy,ecaba97f2d5e9bc3c6c5b27cde71ca14
simulation/rr/rr_andep_prvl~nonmodelled_indx.fst,inputs/RR/andep~nonmodelled.csvy,ecaba97f2d5e9bc3c6c5b27cde71ca14
simulation/rr/rr_andep_prvl~psychosis_l.fst,inputs/RR/andep~psychosis.csvy,80e55621bc60a33841273f3fcb741e57
simulation/rr/rr_andep_prvl~psychosis_indx.fst,inputs/RR/andep~psychosis.csvy,80e55621bc60a33841273f3fcb741e57
simulation/rr/rr_asthma_prvl~asthma_l.fst,inputs/RR/asthma~asthma.csvy,2a76a0b612758b5a2452fd0821464179
simulation/rr/rr_asthma_prvl~asthma_indx.fst,inputs/RR/asthma~asthma.csvy,2a76a0b612758b5a2452fd0821464179
simulation/rr/rr_asthma_prvl~constipation_l.fst,inputs/RR/asthma~constipation.csvy,ca7d1e30a8997dc40969d98d9239bc92
simulation/rr/rr_asthma_prvl~constipation_indx.fst,inputs/RR/asthma~constipation.csvy,ca7d1e30a8997dc40969d98d9239bc92
simulation/rr/rr_breast_ca_prvl~constipation_l.fst,inputs/RR/breast_ca~constipation.csvy,aba5a9f11109c3fed3b10b5acf2185b8
simulation/rr/rr_breast_ca_prvl~constipation_indx.fst,inputs/RR/breast_ca~constipation.csvy,aba5a9f11109c3fed3b10b5acf2185b8
simulation/rr/rr_breast_ca_prvl~other_ca_l.fst,inputs/RR/breast_ca~other_ca.csvy,0a4004d0a31760380c4b18ba213f53fb
simulation/rr/rr_breast_ca_prvl~other_ca_indx.fst,inputs/RR/breast_ca~other_ca.csvy,0a4004d0a31760380c4b18ba213f53fb
simulation/rr/rr_breast_ca_prvl~pain_l.fst,inputs/RR/breast_ca~pain.csvy,d851774e4d16b79f64b79082b237c8b3
simulation/rr/rr_breast_ca_prvl~pain_indx.fst,inputs/RR/breast_ca~pain.csvy,d851774e4d16b79f64b79082b237c8b3
simulation/rr/rr_chd_prvl~af_l.fst,inputs/RR/chd~af.csvy,15a66891921bd087230b2e25260bcad6
simulation/rr/rr_chd_prvl~af_indx.fst,inputs/RR/chd~af.csvy,15a66891921bd087230b2e25260bcad6
simulation/rr/rr_chd_prvl~constipation_l.fst,inputs/RR/chd~constipation.csvy,713656750c7ee20852e9ff9d70535eda
simulation/rr/rr_chd_prvl~constipation_indx.fst,inputs/RR/chd~constipation.csvy,713656750c7ee20852e9ff9d70535eda
simulation/rr/rr_chd_prvl~hf_l.fst,inputs/RR/chd~hf.csvy,e669410cd0290f48f3638cb95f7aff5d
simulation/rr/rr_chd_prvl~hf_indx.fst,inputs/RR/chd~hf.csvy,e669410cd0290f48f3638cb95f7aff5d
simulation/rr/rr_ckd_prvl~chd_l.fst,inputs/RR/ckd~chd.csvy,4c1c304b2dcd1a75a4b6da346bc40d56
simulation/rr/rr_ckd_prvl~chd_indx.fst,inputs/RR/ckd~chd.csvy,4c1c304b2dcd1a75a4b6da346bc40d56
simulation/rr/rr_ckd_prvl~nonmodelled_l.fst,inputs/RR/ckd~nonmodelled.csvy,f8528c7cf3a09fad1a2732d0ea12207b
simulation/rr/rr_ckd_prvl~nonmodelled_indx.fst,inputs/RR/ckd~nonmodelled.csvy,f8528c7cf3a09fad1a2732d0ea12207b
simulation/rr/rr_ckd_prvl~pain_l.fst,inputs/RR/ckd~pain.csvy,fcb5f91174d5855ae0d3e9f4b2d85475
simulation/rr/rr_ckd_prvl~pain_indx.fst,inputs/RR/ckd~pain.csvy,fcb5f91174d5855ae0d3e9f4b2d85475
simulation/rr/rr_colorectal_ca_prvl~constipation_l.fst,inputs/RR/colorectal_ca~constipation.csvy,bde581f57c5ce59246feb37b441387a4
simulation/rr/rr_colorectal_ca_prvl~constipation_indx.fst,inputs/RR/colorectal_ca~constipation.csvy,bde581f57c5ce59246feb37b441387a4
simulation/rr/rr_colorectal_ca_prvl~other_ca_l.fst,inputs/RR/colorectal_ca~other_ca.csvy,d2fa4def35436206782fc0ef16e1ac0b
simulation/rr/rr_colorectal_ca_prvl~other_ca_indx.fst,inputs/RR/colorectal_ca~other_ca.csvy,d2fa4def35436206782fc0ef16e1ac0b
simulation/rr/rr_colorectal_ca_prvl~pain_l.fst,inputs/RR/colorectal_ca~pain.csvy,97951d6c271ccecfcea866c84d6ed3d1
simulation/rr/rr_colorectal_ca_prvl~pain_indx.fst,inputs/RR/colorectal_ca~pain.csvy,97951d6c271ccecfcea866c84d6ed3d1
simulation/rr/rr_constipation_prvl~constipation_l.fst,inputs/RR/constipation~constipation.csvy,548125f788a1b13d15240fae1d053f50
simulation/rr/rr_constipation_prvl~constipation_indx.fst,inputs/RR/constipation~constipation.csvy,548125f788a1b13d15240fae1d053f50
simulation/rr/rr_constipation_prvl~nonmodelled_l.fst,inputs/RR/constipation~nonmodelled.csvy,9c2fa23d8a714913eb6cf06bcf7eb57c
simulation/rr/rr_constipation_prvl~nonmodelled_indx.fst,inputs/RR/constipation~nonmodelled.csvy,9c2fa23d8a714913eb6cf06bcf7eb57c
simulation/rr/rr_copd_prvl~constipation_l.fst,inputs/RR/copd~constipation.csvy,e81fda9d3ceac7057bdcf4d7f4baafc4
simulation/rr/rr_copd_prvl~constipation_indx.fst,inputs/RR/copd~constipation.csvy,e81fda9d3ceac7057bdcf4d7f4baafc4
simulation/rr/rr_copd_prvl~hf_l.fst,inputs/RR/copd~hf.csvy,24e16320327e0dbeaee6d5a8303dfd5d
simulation/rr/rr_copd_prvl~hf_indx.fst,inputs/RR/copd~hf.csvy,24e16320327e0dbeaee6d5a8303dfd5d
simulation/rr/rr_copd_prvl~nonmodelled_l.fst,inputs/RR/copd~nonmodelled.csvy,2ef83e125336d3627fd136d51c9575e4
simulation/rr/rr_copd_prvl~nonmodelled_indx.fst,inputs/RR/copd~nonmodelled.csvy,2ef83e125336d3627fd136d51c9575e4
simulation/rr/rr_ctd_prvl~nonmodelled_l.fst,inputs/RR/ctd~nonmodelled.csvy,e91d0e5cd93b53136e9f300029520195
simulation/rr/rr_ctd_prvl~nonmodelled_indx.fst,inputs/RR/ctd~nonmodelled.csvy,e91d0e5cd93b53136e9f300029520195
simulation/rr/rr_ctd_prvl~pain_l.fst,inputs/RR/ctd~pain.csvy,a706d8210e1e7f68344977d3a67aa9e8
simulation/rr/rr_ctd_prvl~pain_indx.fst,inputs/RR/ctd~pain.csvy,a706d8210e1e7f68344977d3a67aa9e8
simulation/rr/rr_dementia_prvl~constipation_l.fst,inputs/RR/dementia~constipation.csvy,8026b66df04ef15b3e2ac5ff66fe9dde
simulation/rr/rr_dementia_prvl~constipation_indx.fst,inputs/RR/dementia~constipation.csvy,8026b66df04ef15b3e2ac5ff66fe9dde
simulation/rr/rr_dementia_prvl~nonmodelled_l.fst,inputs/RR/dementia~nonmodelled.csvy,467dd66ab3c1488d459e39f51bc3372e
simulation/rr/rr_dementia_prvl~nonmodelled_indx.fst,inputs/RR/dementia~nonmodelled.csvy,467dd66ab3c1488d459e39f51bc3372e
simulation/rr/rr_epilepsy_prvl~constipation_l.fst,inputs/RR/epilepsy~constipation.csvy,6af9c8ea480fee7a7a2e783808c681c5
simulation/rr/rr_epilepsy_prvl~constipation_indx.fst,inputs/RR/epilepsy~constipation.csvy,6af9c8ea480fee7a7a2e783808c681c5
simulation/rr/rr_epilepsy_prvl~nonmodelled_l.fst,inputs/RR/epilepsy~nonmodelled.csvy,1694100e230fcac20eef97fac3d9663a
simulation/rr/rr_epilepsy_prvl~nonmodelled_indx.fst,inputs/RR/epilepsy~nonmodelled.csvy,1694100e230fcac20eef97fac3d9663a
simulation/rr/rr_helo_prvl~constipation_l.fst,inputs/RR/helo~constipation.csvy,4feb2ff363c7c98873711e50ad4cbc04
simulation/rr/rr_helo_prvl~constipation_indx.fst,inputs/RR/helo~constipation.csvy,4feb2ff363c7c98873711e50ad4cbc04
simulation/rr/rr_helo_prvl~nonmodelled_l.fst,inputs/RR/helo~nonmodelled.csvy,6170a84595b9e8bb8a90650e59c5f71d
simulation/rr/rr_helo_prvl~nonmodelled_indx.fst,inputs/RR/helo~nonmodelled.csvy,6170a84595b9e8bb8a90650e59c5f71d
simulation/rr/rr_hf_prvl~constipation_l.fst,inputs/RR/hf~constipation.csvy,fb1e114ac85f2b172fea8f73f11a9b66
simulation/rr/rr_hf_prvl~constipation_indx.fst,inputs/RR/hf~constipation.csvy,fb1e114ac85f2b172fea8f73f11a9b66
simulation/rr/rr_hf_prvl~nonmodelled_l.fst,inputs/RR/hf~nonmodelled.csvy,9e74f2fde871be91d95b9d86c1166626
simulation/rr/rr_hf_prvl~nonmodelled_indx.fst,inputs/RR/hf~nonmodelled.csvy,9e74f2fde871be91d95b9d86c1166626
simulation/rr/rr_htn_prvl~constipation_l.fst,inputs/RR/htn~constipation.csvy,91dcff91bc6cbd9e352fa9974c814058
simulation/rr/rr_htn_prvl~constipation_indx.fst,inputs/RR/htn~constipation.csvy,91dcff91bc6cbd9e352fa9974c814058
simulation/rr/rr_htn_prvl~hf_l.fst,inputs/RR/htn~hf.csvy,0749d1086fe299817a5390c6eb199dea
simulation/rr/rr_htn_prvl~hf_indx.fst,inputs/RR/htn~hf.csvy,0749d1086fe299817a5390c6eb199dea
simulation/rr/rr_htn_prvl~pain_l.fst,inputs/RR/htn~pain.csvy,ea35be13746b73d2bef08165714eb376
simulation/rr/rr_htn_prvl~pain_indx.fst,inputs/RR/htn~pain.csvy,ea35be13746b73d2bef08165714eb376
simulation/rr/rr_ibs_prvl~constipation_l.fst,inputs/RR/ibs~constipation.csvy,2dbf49bf8e3b049924e9a28058136448
simulation/rr/rr_ibs_prvl~constipation_indx.fst,inputs/RR/ibs~constipation.csvy,2dbf49bf8e3b049924e9a28058136448
simulation/rr/rr_ibs_prvl~nonmodelled_l.fst,inputs/RR/ibs~nonmodelled.csvy,71fe4c05e67f486a67afc88d00d5a6e8
simulation/rr/rr_ibs_prvl~nonmodelled_indx.fst,inputs/RR/ibs~nonmodelled.csvy,71fe4c05e67f486a67afc88d00d5a6e8
simulation/rr/rr_lung_ca_prvl~andep_l.fst,inputs/RR/lung_ca~andep.csvy,7ed2098db938baf9d51d9412e89a6e01
simulation/rr/rr_lung_ca_prvl~andep_indx.fst,inputs/RR/lung_ca~andep.csvy,7ed2098db938baf9d51d9412e89a6e01
simulation/rr/rr_lung_ca_prvl~constipation_l.fst,inputs/RR/lung_ca~constipation.csvy,be5f88f7ad530e6c07f59c77012b9301
simulation/rr/rr_lung_ca_prvl~constipation_indx.fst,inputs/RR/lung_ca~constipation.csvy,be5f88f7ad530e6c07f59c77012b9301
simulation/rr/rr_lung_ca_prvl~nonmodelled_l.fst,inputs/RR/lung_ca~nonmodelled.csvy,832891cb1b592e19f2ef930fa1fd1299
simulation/rr/rr_lung_ca_prvl~nonmodelled_indx.fst,inputs/RR/lung_ca~nonmodelled.csvy,832891cb1b592e19f2ef930fa1fd1299
simulation/rr/rr_lung_ca_prvl~other_ca_l.fst,inputs/RR/lung_ca~other_ca.csvy,3a25dfa7c5954a0233fcfe881170b5db
simulation/rr/rr_lung_ca_prvl~other_ca_indx.fst,inputs/RR/lung_ca~other_ca.csvy,3a25dfa7c5954a0233fcfe881170b5db
simulation/rr/rr_lung_ca_prvl~pain_l.fst,inputs/RR/lung_ca~pain.csvy,1fc164f6297faa5372f6ad1cb5a14969
simulation/rr/rr_lung_ca_prvl~pain_indx.fst,inputs/RR/lung_ca~pain.csvy,1fc164f6297faa5372f6ad1cb5a14969
simulation/rr/rr_other_ca_prvl~andep_l.fst,inputs/RR/other_ca~andep.csvy,e012806b640c163c7de20cd4569c1724
simulation/rr/rr_other_ca_prvl~andep_indx.fst,inputs/RR/other_ca~andep.csvy,e012806b640c163c7de20cd4569c1724
simulation/rr/rr_other_ca_prvl~constipation_l.fst,inputs/RR/other_ca~constipation.csvy,ee4cdfdd3f1b78b46cbc96c72a9c4b50
simulation/rr/rr_other_ca_prvl~constipation_indx.fst,inputs/RR/other_ca~constipation.csvy,ee4cdfdd3f1b78b46cbc96c72a9c4b50
simulation/rr/rr_other_ca_prvl~nonmodelled_l.fst,inputs/RR/other_ca~nonmodelled.csvy,14613f1ad0a24fb34a788df2a653fda0
simulation/rr/rr_other_ca_prvl~nonmodelled_indx.fst,inputs/RR/other_ca~nonmodelled.csvy,14613f1ad0a24fb34a788df2a653fda0
simulation/rr/rr_other_ca_prvl~pain_l.fst,inputs/RR/other_ca~pain.csvy,74d8e65566dde7e52402fec74c08b6d4
simulation/rr/rr_other_ca_prvl~pain_indx.fst,inputs/RR/other_ca~pain.csvy,74d8e65566dde7e52402fec74c08b6d4
simulation/rr/rr_pain_prvl~andep_l.fst,inputs/RR/pain~andep.csvy,2d96a72b7b38a0289014323e103cc152
simulation/rr/rr_pain_prvl~andep_indx.fst,inputs/RR/pain~andep.csvy,2d96a72b7b38a0289014323e103cc152
simulation/rr/rr_pain_prvl~constipation_l.fst,inputs/RR/pain~constipation.csvy,b1d59aeb5452b1d97e5ca40f4599e1f2
simulation/rr/rr_pain_prvl~constipation_indx.fst,inputs/RR/pain~constipation.csvy,b1d59aeb5452b1d97e5ca40f4599e1f2
simulation/rr/rr_pain_prvl~nonmodelled_l.fst,inputs/RR/pain~nonmodelled.csvy,c8781618f90f9b7186d7a75c8b7a6e0d
simulation/rr/rr_pain_prvl~nonmodelled_indx.fst,inputs/RR/pain~nonmodelled.csvy,c8781618f90f9b7186d7a75c8b7a6e0d
simulation/rr/rr_pain_prvl~pain_l.fst,inputs/RR/pain~pain.csvy,ca7ce4a4371a16b5cfa1dcbcc5c2e173
simulation/rr/rr_pain_prvl~pain_indx.fst,inputs/RR/pain~pain.csvy,ca7ce4a4371a16b5cfa1dcbcc5c2e173
simulation/rr/rr_prostate_ca_prvl~andep_l.fst,inputs/RR/prostate_ca~andep.csvy,b197379d45a885ed184b13e03dff197e
simulation/rr/rr_prostate_ca_prvl~andep_indx.fst,inputs/RR/prostate_ca~andep.csvy,b197379d45a885ed184b13e03dff197e
simulation/rr/rr_prostate_ca_prvl~constipation_l.fst,inputs/RR/prostate_ca~constipation.csvy,79fbc5024ec2df72c6b85ea00f821a08
simulation/rr/rr_prostate_ca_prvl~constipation_indx.fst,inputs/RR/prostate_ca~constipation.csvy,79fbc5024ec2df72c6b85ea00f821a08
simulation/rr/rr_prostate_ca_prvl~other_ca_l.fst,inputs/RR/prostate_ca~other_ca.csvy,53ea106387a11b9e43185a7a86fd1b47
simulation/rr/rr_prostate_ca_prvl~other_ca_indx.fst,inputs/RR/prostate_ca~other_ca.csvy,53ea106387a11b9e43185a7a86fd1b47
simulation/rr/rr_prostate_ca_prvl~pain_l.fst,inputs/RR/prostate_ca~pain.csvy,95cc054a68e23f5f07ee2127e484b14b
simulation/rr/rr_prostate_ca_prvl~pain_indx.fst,inputs/RR/prostate_ca~pain.csvy,95cc054a68e23f5f07ee2127e484b14b
simulation/rr/rr_psychosis_prvl~constipation_l.fst,inputs/RR/psychosis~constipation.csvy,968dc1835274b85e0241b75de7a004ee
simulation/rr/rr_psychosis_prvl~constipation_indx.fst,inputs/RR/psychosis~constipation.csvy,968dc1835274b85e0241b75de7a004ee
simulation/rr/rr_psychosis_prvl~nonmodelled_l.fst,inputs/RR/psychosis~nonmodelled.csvy,71f03175512e9d640159e1582bc2784c
simulation/rr/rr_psychosis_prvl~nonmodelled_indx.fst,inputs/RR/psychosis~nonmodelled.csvy,71f03175512e9d640159e1582bc2784c
simulation/rr/rr_ra_prvl~chd_l.fst,inputs/RR/ra~chd.csvy,f991ec497b6ff38b21f3ece4565be986
simulation/rr/rr_ra_prvl~chd_indx.fst,inputs/RR/ra~chd.csvy,f991ec497b6ff38b21f3ece4565be986
simulation/rr/rr_ra_prvl~pain_l.fst,inputs/RR/ra~pain.csvy,2d2cf1920298eb20920d41b80475bb91
simulation/rr/rr_ra_prvl~pain_indx.fst,inputs/RR/ra~pain.csvy,2d2cf1920298eb20920d41b80475bb91
simulation/rr/rr_smok_packyrs~colorectal_ca_l.fst,inputs/RR/smok_packyrs~colorect_ca.csvy,e80c72a3a11216b03f040785fb3b4a2b
simulation/rr/rr_smok_packyrs~colorectal_ca_indx.fst,inputs/RR/smok_packyrs~colorect_ca.csvy,e80c72a3a11216b03f040785fb3b4a2b
simulation/rr/rr_statin_px~t2dm_l.fst,inputs/RR/statins_px~t2dm.csvy,7e28b09477d763cf417e68c96d66f2fb
simulation/rr/rr_statin_px~t2dm_indx.fst,inputs/RR/statins_px~t2dm.csvy,7e28b09477d763cf417e68c96d66f2fb
simulation/rr/rr_stroke_prvl~andep_l.fst,inputs/RR/stroke~andep.csvy,ecaa925f998f5365fd2f42df6fd7cfa9
simulation/rr/rr_stroke_prvl~andep_indx.fst,inputs/RR/stroke~andep.csvy,ecaa925f998f5365fd2f42df6fd7cfa9
simulation/rr/rr_stroke_prvl~constipation_l.fst,inputs/RR/stroke~constipation.csvy,8bc589777042ee278a4ff8e66dea22fe
simulation/rr/rr_stroke_prvl~constipation_indx.fst,inputs/RR/stroke~constipation.csvy,8bc589777042ee278a4ff8e66dea22fe
simulation/rr/rr_stroke_prvl~epilepsy_l.fst,inputs/RR/stroke~epilepsy.csvy,3cdf7242ffddd36d6520c21d1b4bff0b
simulation/rr/rr_stroke_prvl~epilepsy_indx.fst,inputs/RR/stroke~epilepsy.csvy,3cdf7242ffddd36d6520c21d1b4bff0b
simulation/rr/rr_stroke_prvl~nonmodelled_l.fst,inputs/RR/stroke~nonmodelled.csvy,7ccbedbb24b3aae55da5aaabf55336e7
simulation/rr/rr_stroke_prvl~nonmodelled_indx.fst,inputs/RR/stroke~nonmodelled.csvy,7ccbedbb24b3aae55da5aaabf55336e7
simulation/rr/rr_t1dm_prvl~constipation_l.fst,inputs/RR/t1dm~constipation.csvy,46af41009785c39b6ec657802bce27ce
simulation/rr/rr_t1dm_prvl~constipation_indx.fst,inputs/RR/t1dm~constipation.csvy,46af41009785c39b6ec657802bce27ce
simulation/rr/rr_t1dm_prvl~nonmodelled_l.fst,inputs/RR/t1dm~nonmodelled.csvy,0e4991774389f49577c79f463b096059
simulation/rr/rr_t1dm_prvl~nonmodelled_indx.fst,inputs/RR/t1dm~nonmodelled.csvy,0e4991774389f49577c79f463b096059
simulation/rr/rr_t2dm_prvl~breast_ca_l.fst,inputs/RR/t2dm~breast_ca.csvy,792ca79e98f4c56f3af2cfab150cb7d6
simulation/rr/rr_t2dm_prvl~breast_ca_indx.fst,inputs/RR/t2dm~breast_ca.csvy,792ca79e98f4c56f3af2cfab150cb7d6
simulation/rr/rr_t2dm_prvl~chd_l.fst,inputs/RR/t2dm~chd.csvy,103385106d12e158040a64d7f78d1deb
simulation/rr/rr_t2dm_prvl~chd_indx.fst,inputs/RR/t2dm~chd.csvy,103385106d12e158040a64d7f78d1deb
simulation/rr/rr_t2dm_prvl~colorectal_ca_l.fst,inputs/RR/t2dm~colorectal_ca.csvy,93166bbaf26b73bb4d9ebc196db537d5
simulation/rr/rr_t2dm_prvl~colorectal_ca_indx.fst,inputs/RR/t2dm~colorectal_ca.csvy,93166bbaf26b73bb4d9ebc196db537d5
simulation/rr/rr_t2dm_prvl~constipation_l.fst,inputs/RR/t2dm~constipation.csvy,f2fafb933f3e615ce0288d3d9787dd64
simulation/rr/rr_t2dm_prvl~constipation_indx.fst,inputs/RR/t2dm~constipation.csvy,f2fafb933f3e615ce0288d3d9787dd64
simulation/rr/rr_t2dm_prvl~dementia_l.fst,inputs/RR/t2dm~dementia.csvy,917af6e7156247ac232b1dde5bfb5792
simulation/rr/rr_t2dm_prvl~dementia_indx.fst,inputs/RR/t2dm~dementia.csvy,917af6e7156247ac232b1dde5bfb5792
simulation/rr/rr_t2dm_prvl~hf_l.fst,inputs/RR/t2dm~hf.csvy,b459535a78fd0b5b576526fed02c696b
simulation/rr/rr_t2dm_prvl~hf_indx.fst,inputs/RR/t2dm~hf.csvy,b459535a78fd0b5b576526fed02c696b
simulation/rr/rr_t2dm_prvl~lung_ca_l.fst,inputs/RR/t2dm~lung_ca.csvy,4a4f1c75eadabaaf911332d2b859ef38
simulation/rr/rr_t2dm_prvl~lung_ca_indx.fst,inputs/RR/t2dm~lung_ca.csvy,4a4f1c75eadabaaf911332d2b859ef38
simulation/rr/rr_t2dm_prvl~nonmodelled_l.fst,inputs/RR/t2dm~nonmodelled.csvy,1eac2fdfc2602080a18e0977855abe61
simulation/rr/rr_t2dm_prvl~nonmodelled_indx.fst,inputs/RR/t2dm~nonmodelled.csvy,1eac2fdfc2602080a18e0977855abe61
simulation/rr/rr_t2dm_prvl~stroke_l.fst,inputs/RR/t2dm~stroke.csvy,3aa9a0a348d748f3e0cda3d936c3fef3
simulation/rr/rr_t2dm_prvl~stroke_indx.fst,inputs/RR/t2dm~stroke.csvy,3aa9a0a348d748f3e0cda3d936c3fef3
simulation/rr/rr_active_days~breast_ca_l.fst,inputs/RR/active_days~breast_ca.csvy,f069ade0f4baa6037b675cde07a8c623
simulation/rr/rr_active_days~breast_ca_indx.fst,inputs/RR/active_days~breast_ca.csvy,f069ade0f4baa6037b675cde07a8c623
simulation/rr/rr_active_days~chd_l.fst,inputs/RR/active_days~chd.csvy,4d3475bc69a85920f2342608d184ea28
simulation/rr/rr_active_days~chd_indx.fst,inputs/RR/active_days~chd.csvy,4d3475bc69a85920f2342608d184ea28
simulation/rr/rr_active_days~colorectal_ca_l.fst,inputs/RR/active_days~colorectal_ca.csvy,d850cce822ab46fd55c52e9a3d029fdc
simulation/rr/rr_active_days~colorectal_ca_indx.fst,inputs/RR/active_days~colorectal_ca.csvy,d850cce822ab46fd55c52e9a3d029fdc
simulation/rr/rr_active_days~nonmodelled_l.fst,inputs/RR/active_days~nonmodelled.csvy,21a0acde721d5cc7095b64a3a6b81dcd
simulation/rr/rr_active_days~nonmodelled_indx.fst,inputs/RR/active_days~nonmodelled.csvy,21a0acde721d5cc7095b64a3a6b81dcd
simulation/rr/rr_active_days~stroke_l.fst,inputs/RR/active_days~stroke.csvy,ed6ff854f88ffb93015bf54af889aa7a
simulation/rr/rr_active_days~stroke_indx.fst,inputs/RR/active_days~stroke.csvy,ed6ff854f88ffb93015bf54af889aa7a
simulation/rr/rr_alcohol~af_l.fst,inputs/RR/alcohol~af.csvy,2be8781d69f5c408bce8f0e25abca98d
simulation/rr/rr_alcohol~af_indx.fst,inputs/RR/alcohol~af.csvy,2be8781d69f5c408bce8f0e25abca98d
simulation/rr/rr_alcohol~breast_ca_l.fst,inputs/RR/alcohol~breast_ca.csvy,5a878a880e564c30317bf74441b6f2e6
simulation/rr/rr_alcohol~breast_ca_indx.fst,inputs/RR/alcohol~breast_ca.csvy,5a878a880e564c30317bf74441b6f2e6
simulation/rr/rr_alcohol~chd_l.fst,inputs/RR/alcohol~chd.csvy,768a047a20e3bd970e866dcd36696aed
simulation/rr/rr_alcohol~chd_indx.fst,inputs/RR/alcohol~chd.csvy,768a047a20e3bd970e866dcd36696aed
simulation/rr/rr_alcohol~colorectal_ca_l.fst,inputs/RR/alcohol~colorectal_ca.csvy,b35d790f6f668ddcf4c489556b60e1bf
simulation/rr/rr_alcohol~colorectal_ca_indx.fst,inputs/RR/alcohol~colorectal_ca.csvy,b35d790f6f668ddcf4c489556b60e1bf
simulation/rr/rr_alcohol~nonmodelled_l.fst,inputs/RR/alcohol~nonmodelled.csvy,f89b8c4ade52b8dab66567713ec9f5c1
simulation/rr/rr_alcohol~nonmodelled_indx.fst,inputs/RR/alcohol~nonmodelled.csvy,f89b8c4ade52b8dab66567713ec9f5c1
simulation/rr/rr_alcohol~stroke_l.fst,inputs/RR/alcohol~stroke.csvy,de05672cd59ec3c496de6df990120ab3
simulation/rr/rr_alcohol~stroke_indx.fst,inputs/RR/alcohol~stroke.csvy,de05672cd59ec3c496de6df990120ab3
simulation/rr/rr_alcohol~t2dm_l.fst,inputs/RR/alcohol~t2dm.csvy,b64e9f2a028fefe8d85db5767d6f1ae5
simulation/rr/rr_alcohol~t2dm_indx.fst,inputs/RR/alcohol~t2dm.csvy,b64e9f2a028fefe8d85db5767d6f1ae5
simulation/rr/rr_bmi~af_l.fst,inputs/RR/bmi~af.csvy,bcf1f69afb9397b676e71e2d84837d01
simulation/rr/rr_bmi~af_indx.fst,inputs/RR/bmi~af.csvy,bcf1f69afb9397b676e71e2d84837d01
simulation/rr/rr_bmi~asthma_l.fst,inputs/RR/bmi~asthma.csvy,8d5997c0508f9675e85e24aac862d9a5
simulation/rr/rr_bmi~asthma_indx.fst,inputs/RR/bmi~asthma.csvy,8d5997c0508f9675e85e24aac862d9a5
simulation/rr/rr_bmi~breast_ca_l.fst,inputs/RR/bmi~breast_ca.csvy,ea5fa3fddce4fb0f0ec414237c2e09ef
simulation/rr/rr_bmi~breast_ca_indx.fst,inputs/RR/bmi~breast_ca.csvy,ea5fa3fddce4fb0f0ec414237c2e09ef
simulation/rr/rr_bmi~chd_l.fst,inputs/RR/bmi~chd.csvy,d9f63f771edb3a9892f9b17d557ab98e
simulation/rr/rr_bmi~chd_indx.fst,inputs/RR/bmi~chd.csvy,d9f63f771edb3a9892f9b17d557ab98e
simulation/rr/rr_bmi~ckd_l.fst,inputs/RR/bmi~ckd.csvy,5f7fa22da74cc296196644b93ad6a247
simulation/rr/rr_bmi~ckd_indx.fst,inputs/RR/bmi~ckd.csvy,5f7fa22da74cc296196644b93ad6a247
simulation/rr/rr_bmi~colorectal_ca_l.fst,inputs/RR/bmi~colorectal_ca.csvy,ec130d74764372599b04d52ec6b859e4
simulation/rr/rr_bmi~colorectal_ca_indx.fst,inputs/RR/bmi~colorectal_ca.csvy,ec130d74764372599b04d52ec6b859e4
simulation/rr/rr_bmi~dementia_l.fst,inputs/RR/bmi~dementia.csvy,6dbb9b32bd4185930f12077808754c1e
simulation/rr/rr_bmi~dementia_indx.fst,inputs/RR/bmi~dementia.csvy,6dbb9b32bd4185930f12077808754c1e
simulation/rr/rr_bmi~obesity_l.fst,inputs/RR/bmi~obesity.csvy,681c090bedce2ed4a03702e6434a2235
simulation/rr/rr_bmi~obesity_indx.fst,inputs/RR/bmi~obesity.csvy,681c090bedce2ed4a03702e6434a2235
simulation/rr/rr_bmi~stroke_l.fst,inputs/RR/bmi~stroke.csvy,a3ea321c085a9ef30c1d5468c9d6f23a
simulation/rr/rr_bmi~stroke_indx.fst,inputs/RR/bmi~stroke.csvy,a3ea321c085a9ef30c1d5468c9d6f23a
simulation/rr/rr_bmi~t2dm_l.fst,inputs/RR/bmi~t2dm.csvy,e506c6f95a459832b1cfb1e11d15c9b1
simulation/rr/rr_bmi~t2dm_indx.fst,inputs/RR/bmi~t2dm.csvy,e506c6f95a459832b1cfb1e11d15c9b1
simulation/rr/rr_ets~breast_ca_l.fst,inputs/RR/ets~breast_ca.csvy,9b72ebdd7daea6e86f16a2e2fc25305d
simulation/rr/rr_ets~breast_ca_indx.fst,inputs/RR/ets~breast_ca.csvy,9b72ebdd7daea6e86f16a2e2fc25305d
simulation/rr/rr_ets~chd_l.fst,inputs/RR/ets~chd.csvy,e508ac6ac23301b1f63f3ce216051d97
simulation/rr/rr_ets~chd_indx.fst,inputs/RR/ets~chd.csvy,e508ac6ac23301b1f63f3ce216051d97
simulation/rr/rr_ets~copd_l.fst,inputs/RR/ets~copd.csvy,bcec2f7e403ef6074074435a56236336
simulation/rr/rr_ets~copd_indx.fst,inputs/RR/ets~copd.csvy,bcec2f7e403ef6074074435a56236336
simulation/rr/rr_ets~lung_ca_l.fst,inputs/RR/ets~lung_ca.csvy,976cf686cb52da96baa89f2d3e07ee8f
simulation/rr/rr_ets~lung_ca_indx.fst,inputs/RR/ets~lung_ca.csvy,976cf686cb52da96baa89f2d3e07ee8f
simulation/rr/rr_ets~stroke_l.fst,inputs/RR/ets~stroke.csvy,f169a76f96b2208eb0c71294c1d55b38
simulation/rr/rr_ets~stroke_indx.fst,inputs/RR/ets~stroke.csvy,f169a76f96b2208eb0c71294c1d55b38
simulation/rr/rr_ets~t2dm_l.fst,inputs/RR/ets~t2dm.csvy,a25fcb67ca775d1d01ebc1463dd2fcac
simulation/rr/rr_ets~t2dm_indx.fst,inputs/RR/ets~t2dm.csvy,a25fcb67ca775d1d01ebc1463dd2fcac
simulation/rr/rr_fruit~chd_l.fst,inputs/RR/fruit~chd.csvy,189558d836bea7906cb22ae7bf908c0d
simulation/rr/rr_fruit~chd_indx.fst,inputs/RR/fruit~chd.csvy,189558d836bea7906cb22ae7bf908c0d
simulation/rr/rr_fruit~lung_ca_l.fst,inputs/RR/fruit~lung_ca.csvy,89c16744c740df502cbc13dbe37b19d7
simulation/rr/rr_fruit~lung_ca_indx.fst,inputs/RR/fruit~lung_ca.csvy,89c16744c740df502cbc13dbe37b19d7
simulation/rr/rr_fruit~stroke_l.fst,inputs/RR/fruit~stroke.csvy,c56d0276285edd5c66965321fcd222a4
simulation/rr/rr_fruit~stroke_indx.fst,inputs/RR/fruit~stroke.csvy,c56d0276285edd5c66965321fcd222a4
simulation/rr/rr_fruit~t2dm_l.fst,inputs/RR/fruit~t2dm.csvy,775d7cd17f761990c370e2fd66d72eca
simulation/rr/rr_fruit~t2dm_indx.fst,inputs/RR/fruit~t2dm.csvy,775d7cd17f761990c370e2fd66d72eca
simulation/rr/rr_met~t2dm_l.fst,inputs/RR/met~t2dm.csvy,80bb0385cdbb54cda06a483ee850f78b
simulation/rr/rr_met~t2dm_indx.fst,inputs/RR/met~t2dm.csvy,80bb0385cdbb54cda06a483ee850f78b
simulation/rr/rr_sbp~af_l.fst,inputs/RR/sbp~af.csvy,3cbc7bb284d5547dbe6fe078c3188168
simulation/rr/rr_sbp~af_indx.fst,inputs/RR/sbp~af.csvy,3cbc7bb284d5547dbe6fe078c3188168
simulation/rr/rr_sbp~chd_l.fst,inputs/RR/sbp~chd.csvy,0881f92759511db307117a7a077d4c51
simulation/rr/rr_sbp~chd_indx.fst,inputs/RR/sbp~chd.csvy,0881f92759511db307117a7a077d4c51
simulation/rr/rr_sbp~ckd_l.fst,inputs/RR/sbp~ckd.csvy,47a0ed07906045e7e971d0bcf6241d93
simulation/rr/rr_sbp~ckd_indx.fst,inputs/RR/sbp~ckd.csvy,47a0ed07906045e7e971d0bcf6241d93
simulation/rr/rr_sbp~htn_l.fst,inputs/RR/sbp~htn.csvy,3a45b29bc0ac0c3d45275eb2198f6a22
simulation/rr/rr_sbp~htn_indx.fst,inputs/RR/sbp~htn.csvy,3a45b29bc0ac0c3d45275eb2198f6a22
simulation/rr/rr_sbp~nonmodelled_l.fst,inputs/RR/sbp~nonmodelled.csvy,3149d8887d79b71ad14897e9d44cf059
simulation/rr/rr_sbp~nonmodelled_indx.fst,inputs/RR/sbp~nonmodelled.csvy,3149d8887d79b71ad14897e9d44cf059
simulation/rr/rr_sbp~stroke_l.fst,inputs/RR/sbp~stroke.csvy,1ee4b2018e92712af562d4d161c8e755
simulation/rr/rr_sbp~stroke_indx.fst,inputs/RR/sbp~stroke.csvy,1ee4b2018e92712af562d4d161c8e755
simulation/rr/rr_smok_cig~af_l.fst,inputs/RR/smok_cig~af.csvy,00c4fa962c53b3781656c99985a895f7
simulation/rr/rr_smok_cig~af_indx.fst,inputs/RR/smok_cig~af.csvy,00c4fa962c53b3781656c99985a895f7
simulation/rr/rr_smok_cig~asthma_l.fst,inputs/RR/smok_cig~asthma.csvy,3935f343958197dac7747961ceecf38e
simulation/rr/rr_smok_cig~asthma_indx.fst,inputs/RR/smok_cig~asthma.csvy,3935f343958197dac7747961ceecf38e
simulation/rr/rr_smok_cig~chd_l.fst,inputs/RR/smok_cig~chd.csvy,3e355559f5b5ef28598dfc1aa0365712
simulation/rr/rr_smok_cig~chd_indx.fst,inputs/RR/smok_cig~chd.csvy,3e355559f5b5ef28598dfc1aa0365712
simulation/rr/rr_smok_cig~dementia_l.fst,inputs/RR/smok_cig~dementia.csvy,590b502b670fb5b7f2798c385305e735
simulation/rr/rr_smok_cig~dementia_indx.fst,inputs/RR/smok_cig~dementia.csvy,590b502b670fb5b7f2798c385305e735
simulation/rr/rr_smok_cig~prostate_ca_l.fst,inputs/RR/smok_cig~prostate_ca.csvy,ee89df4763bf604fc306329d6c51c6b5
simulation/rr/rr_smok_cig~prostate_ca_indx.fst,inputs/RR/smok_cig~prostate_ca.csvy,ee89df4763bf604fc306329d6c51c6b5
simulation/rr/rr_smok_cig~stroke_l.fst,inputs/RR/smok_cig~stroke.csvy,11bbb0c511878fe67ec6724820287d9e
simulation/rr/rr_smok_cig~stroke_indx.fst,inputs/RR/smok_cig~stroke.csvy,11bbb0c511878fe67ec6724820287d9e
simulation/rr/rr_smok_cig~t2dm_l.fst,inputs/RR/smok_cig~t2dm.csvy,34936314e74ffb4197cf8fbff6ed6a95
simulation/rr/rr_smok_cig~t2dm_indx.fst,inputs/RR/smok_cig~t2dm.csvy,34936314e74ffb4197cf8fbff6ed6a95
simulation/rr/rr_smok_packyrs~breast_ca_l.fst,inputs/RR/smok_packyrs~breast_ca.csvy,c1c1545ab0f45f1b88fb501451ca8c43
simulation/rr/rr_smok_packyrs~breast_ca_indx.fst,inputs/RR/smok_packyrs~breast_ca.csvy,c1c1545ab0f45f1b88fb501451ca8c43
simulation/rr/rr_smok_packyrs~copd_l.fst,inputs/RR/smok_packyrs~copd.csvy,8bdf1b6c94ddf63dea6316b193731ca1
simulation/rr/rr_smok_packyrs~copd_indx.fst,inputs/RR/smok_packyrs~copd.csvy,8bdf1b6c94ddf63dea6316b193731ca1
simulation/rr/rr_smok_packyrs~lung_ca_l.fst,inputs/RR/smok_packyrs~lung_ca.csvy,92567131dd46a7fcd1cc5ef78587e11d
simulation/rr/rr_smok_packyrs~lung_ca_indx.fst,inputs/RR/smok_packyrs~lung_ca.csvy,92567131dd46a7fcd1cc5ef78587e11d
simulation/rr/rr_smok_quit_yrs~af_l.fst,inputs/RR/smok_quit_yrs~af.csvy,53452bd9e25ec23a97d1ab8eeccec63e
simulation/rr/rr_smok_quit_yrs~af_indx.fst,inputs/RR/smok_quit_yrs~af.csvy,53452bd9e25ec23a97d1ab8eeccec63e
simulation/rr/rr_smok_quit_yrs~asthma_l.fst,inputs/RR/smok_quit_yrs~asthma.csvy,b5e337be6da367b68223a45dab3b3a39
simulation/rr/rr_smok_quit_yrs~asthma_indx.fst,inputs/RR/smok_quit_yrs~asthma.csvy,b5e337be6da367b68223a45dab3b3a39
simulation/rr/rr_smok_quit_yrs~breast_ca_l.fst,inputs/RR/smok_quit_yrs~breast_ca.csvy,8555c61c0c5235e12d034d2faeb0336a
simulation/rr/rr_smok_quit_yrs~breast_ca_indx.fst,inputs/RR/smok_quit_yrs~breast_ca.csvy,8555c61c0c5235e12d034d2faeb0336a
simulation/rr/rr_smok_quit_yrs~chd_l.fst,inputs/RR/smok_quit_yrs~chd.csvy,de6ec7b07a30b882fc15ad153ef11c03
simulation/rr/rr_smok_quit_yrs~chd_indx.fst,inputs/RR/smok_quit_yrs~chd.csvy,de6ec7b07a30b882fc15ad153ef11c03
simulation/rr/rr_smok_quit_yrs~colorectal_ca_l.fst,inputs/RR/smok_quit_yrs~colorectal_ca.csvy,3dcd3ea589c4ef269354c033334e6f97
simulation/rr/rr_smok_quit_yrs~colorectal_ca_indx.fst,inputs/RR/smok_quit_yrs~colorectal_ca.csvy,3dcd3ea589c4ef269354c033334e6f97
simulation/rr/rr_smok_quit_yrs~copd_l.fst,inputs/RR/smok_quit_yrs~copd.csvy,95532c39c7bc33168f75d1898bf1fc3c
simulation/rr/rr_smok_quit_yrs~copd_indx.fst,inputs/RR/smok_quit_yrs~copd.csvy,95532c39c7bc33168f75d1898bf1fc3c
simulation/rr/rr_smok_quit_yrs~dementia_l.fst,inputs/RR/smok_quit_yrs~dementia.csvy,ed93535e5802d8699132bd810a2d8460
simulation/rr/rr_smok_quit_yrs~dementia_indx.fst,inputs/RR/smok_quit_yrs~dementia.csvy,ed93535e5802d8699132bd810a2d8460
simulation/rr/rr_smok_quit_yrs~lung_ca_l.fst,inputs/RR/smok_quit_yrs~lung_ca.csvy,de6940281697dbdced15176f71dfa23f
simulation/rr/rr_smok_quit_yrs~lung_ca_indx.fst,inputs/RR/smok_quit_yrs~lung_ca.csvy,de6940281697dbdced15176f71dfa23f
simulation/rr/rr_smok_quit_yrs~prostate_ca_l.fst,inputs/RR/smok_quit_yrs~prostate_ca.csvy,184ec9b1ad7ad38242b77540359e63f6
simulation/rr/rr_smok_quit_yrs~prostate_ca_indx.fst,inputs/RR/smok_quit_yrs~prostate_ca.csvy,184ec9b1ad7ad38242b77540359e63f6
simulation/rr/rr_smok_quit_yrs~stroke_l.fst,inputs/RR/smok_quit_yrs~stroke.csvy,3c0f6dc97e131df3e9e7ec36a3bf7495
simulation/rr/rr_smok_quit_yrs~stroke_indx.fst,inputs/RR/smok_quit_yrs~stroke.csvy,3c0f6dc97e131df3e9e7ec36a3bf7495
simulation/rr/rr_smok_quit_yrs~t2dm_l.fst,inputs/RR/smok_quit_yrs~t2dm.csvy,ff8c95d76da3501d9817c71dd46e23a0
simulation/rr/rr_smok_quit_yrs~t2dm_indx.fst,inputs/RR/smok_quit_yrs~t2dm.csvy,ff8c95d76da3501d9817c71dd46e23a0
simulation/rr/rr_smok_status~nonmodelled_l.fst,inputs/RR/smok_status~nonmodelled.csvy,c4718f491c44730a7005552788815e90
simulation/rr/rr_smok_status~nonmodelled_indx.fst,inputs/RR/smok_status~nonmodelled.csvy,c4718f491c44730a7005552788815e90
simulation/rr/rr_tchol~chd_l.fst,inputs/RR/tchol~chd.csvy,573568d970a5f3f6c350de0c3b396f9f
simulation/rr/rr_tchol~chd_indx.fst,inputs/RR/tchol~chd.csvy,573568d970a5f3f6c350de0c3b396f9f
simulation/rr/rr_tchol~stroke_l.fst,inputs/RR/tchol~stroke.csvy,75338c2ca49c37028980b79ed4fbdf21
simulation/rr/rr_tchol~stroke_indx.fst,inputs/RR/tchol~stroke.csvy,75338c2ca49c37028980b79ed4fbdf21
simulation/rr/rr_veg~chd_l.fst,inputs/RR/veg~chd.csvy,bee60dda3ab65b4ac5e3cd09395f7f5f
simulation/rr/rr_veg~chd_indx.fst,inputs/RR/veg~chd.csvy,bee60dda3ab65b4ac5e3cd09395f7f5f
simulation/rr/rr_veg~stroke_l.fst,inputs/RR/veg~stroke.csvy,3d5b2f998d4d621d1f3759f576c00586
simulation/rr/rr_veg~stroke_indx.fst,inputs/RR/veg~stroke.csvy,3d5b2f998d4d621d1f3759f576c00586
